Loan_ID,Gender,Married,Dependents,Education,Self_Employed,ApplicantIncome,CoapplicantIncome,LoanAmount,Loan_Amount_Term,Credit_History,Property_Area,ApplicantDebt,CoApplicantDebt,Loan_Status
LP001002,Male,No,0,Graduate,No,5849,0,,360,1,Urban,2276,0,Y
LP001003,Male,Yes,1,Graduate,No,4583,1508,128,360,1,Rural,2405,249,N
LP001005,Male,Yes,0,Graduate,Yes,3000,0,66,360,1,Urban,2318,0,Y
LP001006,Male,Yes,0,Not Graduate,No,2583,2358,120,360,1,Urban,1664,1651,Y
LP001008,Male,No,0,Graduate,No,6000,0,141,360,1,Urban,3135,0,Y
LP001011,Male,Yes,2,Graduate,Yes,5417,4196,267,360,1,Urban,4001,3435,Y
LP001013,Male,Yes,0,Not Graduate,No,2333,1516,95,360,1,Urban,388,1063,Y
LP001014,Male,Yes,3+,Graduate,No,3036,2504,158,360,0,Semiurban,2052,1622,N
LP001018,Male,Yes,2,Graduate,No,4006,1526,168,360,1,Urban,3974,444,Y
LP001020,Male,Yes,1,Graduate,No,12841,10968,349,360,1,Semiurban,11793,5244,N
LP001024,Male,Yes,2,Graduate,No,3200,700,70,360,1,Urban,1931,489,Y
LP001027,Male,Yes,2,Graduate,,2500,1840,109,360,1,Urban,1937,520,Y
LP001028,Male,Yes,2,Graduate,No,3073,8106,200,360,1,Urban,669,2757,Y
LP001029,Male,No,0,Graduate,No,1853,2840,114,360,1,Rural,1015,2616,N
LP001030,Male,Yes,2,Graduate,No,1299,1086,17,120,1,Urban,1215,811,Y
LP001032,Male,No,0,Graduate,No,4950,0,125,360,1,Urban,2233,0,Y
LP001034,Male,No,1,Not Graduate,No,3596,0,100,240,,Urban,3488,0,Y
LP001036,Female,No,0,Graduate,No,3510,0,76,360,0,Urban,2780,0,N
LP001038,Male,Yes,0,Not Graduate,No,4887,0,133,360,1,Rural,4000,0,N
LP001041,Male,Yes,0,Graduate,,2600,3500,115,,1,Urban,2183,2018,Y
LP001043,Male,Yes,0,Not Graduate,No,7660,0,104,360,0,Urban,7023,0,N
LP001046,Male,Yes,1,Graduate,No,5955,5625,315,360,1,Urban,4822,2432,Y
LP001047,Male,Yes,0,Not Graduate,No,2600,1911,116,360,0,Semiurban,1321,517,N
LP001050,,Yes,2,Not Graduate,No,3365,1917,112,360,0,Rural,562,1021,N
LP001052,Male,Yes,1,Graduate,,3717,2925,151,360,,Semiurban,3112,1634,N
LP001066,Male,Yes,0,Graduate,Yes,9560,0,191,360,1,Semiurban,5799,0,Y
LP001068,Male,Yes,0,Graduate,No,2799,2253,122,360,1,Semiurban,1511,643,Y
LP001073,Male,Yes,2,Not Graduate,No,4226,1040,110,360,1,Urban,3228,664,Y
LP001086,Male,No,0,Not Graduate,No,1442,0,35,360,1,Urban,1333,0,N
LP001087,Female,No,2,Graduate,,3750,2083,120,360,1,Semiurban,1822,1124,Y
LP001091,Male,Yes,1,Graduate,,4166,3369,201,360,,Urban,4157,925,N
LP001095,Male,No,0,Graduate,No,3167,0,74,360,1,Urban,3104,0,N
LP001097,Male,No,1,Graduate,Yes,4692,0,106,360,1,Rural,1314,0,N
LP001098,Male,Yes,0,Graduate,No,3500,1667,114,360,1,Semiurban,2154,956,Y
LP001100,Male,No,3+,Graduate,No,12500,3000,320,360,1,Rural,9286,2981,N
LP001106,Male,Yes,0,Graduate,No,2275,2067,,360,1,Urban,2014,1644,Y
LP001109,Male,Yes,0,Graduate,No,1828,1330,100,,0,Urban,1628,625,N
LP001112,Female,Yes,0,Graduate,No,3667,1459,144,360,1,Semiurban,1007,750,Y
LP001114,Male,No,0,Graduate,No,4166,7210,184,360,1,Urban,3115,4988,Y
LP001116,Male,No,0,Not Graduate,No,3748,1668,110,360,1,Semiurban,3094,1488,Y
LP001119,Male,No,0,Graduate,No,3600,0,80,360,1,Urban,1921,0,N
LP001120,Male,No,0,Graduate,No,1800,1213,47,360,1,Urban,399,1146,Y
LP001123,Male,Yes,0,Graduate,No,2400,0,75,360,,Urban,1298,0,Y
LP001131,Male,Yes,0,Graduate,No,3941,2336,134,360,1,Semiurban,694,1300,Y
LP001136,Male,Yes,0,Not Graduate,Yes,4695,0,96,,1,Urban,2964,0,Y
LP001137,Female,No,0,Graduate,No,3410,0,88,,1,Urban,665,0,Y
LP001138,Male,Yes,1,Graduate,No,5649,0,44,360,1,Urban,4961,0,Y
LP001144,Male,Yes,0,Graduate,No,5821,0,144,360,1,Urban,4905,0,Y
LP001146,Female,Yes,0,Graduate,No,2645,3440,120,360,0,Urban,1237,2849,N
LP001151,Female,No,0,Graduate,No,4000,2275,144,360,1,Semiurban,1144,1377,Y
LP001155,Female,Yes,0,Not Graduate,No,1928,1644,100,360,1,Semiurban,1078,939,Y
LP001157,Female,No,0,Graduate,No,3086,0,120,360,1,Semiurban,3007,0,Y
LP001164,Female,No,0,Graduate,No,4230,0,112,360,1,Semiurban,2269,0,N
LP001179,Male,Yes,2,Graduate,No,4616,0,134,360,1,Urban,4370,0,N
LP001186,Female,Yes,1,Graduate,Yes,11500,0,286,360,0,Urban,7471,0,N
LP001194,Male,Yes,2,Graduate,No,2708,1167,97,360,1,Semiurban,2060,666,Y
LP001195,Male,Yes,0,Graduate,No,2132,1591,96,360,1,Semiurban,367,295,Y
LP001197,Male,Yes,0,Graduate,No,3366,2200,135,360,1,Rural,1165,2140,N
LP001198,Male,Yes,1,Graduate,No,8080,2250,180,360,1,Urban,7882,2057,Y
LP001199,Male,Yes,2,Not Graduate,No,3357,2859,144,360,1,Urban,2613,1022,Y
LP001205,Male,Yes,0,Graduate,No,2500,3796,120,360,1,Urban,571,737,Y
LP001206,Male,Yes,3+,Graduate,No,3029,0,99,360,1,Urban,771,0,Y
LP001207,Male,Yes,0,Not Graduate,Yes,2609,3449,165,180,0,Rural,2208,666,N
LP001213,Male,Yes,1,Graduate,No,4945,0,,360,0,Rural,2699,0,N
LP001222,Female,No,0,Graduate,No,4166,0,116,360,0,Semiurban,1935,0,N
LP001225,Male,Yes,0,Graduate,No,5726,4595,258,360,1,Semiurban,3298,2096,N
LP001228,Male,No,0,Not Graduate,No,3200,2254,126,180,0,Urban,2258,417,N
LP001233,Male,Yes,1,Graduate,No,10750,0,312,360,1,Urban,7087,0,Y
LP001238,Male,Yes,3+,Not Graduate,Yes,7100,0,125,60,1,Urban,1990,0,Y
LP001241,Female,No,0,Graduate,No,4300,0,136,360,0,Semiurban,2771,0,N
LP001243,Male,Yes,0,Graduate,No,3208,3066,172,360,1,Urban,2474,966,Y
LP001245,Male,Yes,2,Not Graduate,Yes,1875,1875,97,360,1,Semiurban,978,1865,Y
LP001248,Male,No,0,Graduate,No,3500,0,81,300,1,Semiurban,2160,0,Y
LP001250,Male,Yes,3+,Not Graduate,No,4755,0,95,,0,Semiurban,2645,0,N
LP001253,Male,Yes,3+,Graduate,Yes,5266,1774,187,360,1,Semiurban,1705,1314,Y
LP001255,Male,No,0,Graduate,No,3750,0,113,480,1,Urban,1799,0,N
LP001256,Male,No,0,Graduate,No,3750,4750,176,360,1,Urban,3598,3346,N
LP001259,Male,Yes,1,Graduate,Yes,1000,3022,110,360,1,Urban,955,2756,N
LP001263,Male,Yes,3+,Graduate,No,3167,4000,180,300,0,Semiurban,677,709,N
LP001264,Male,Yes,3+,Not Graduate,Yes,3333,2166,130,360,,Semiurban,1688,385,Y
LP001265,Female,No,0,Graduate,No,3846,0,111,360,1,Semiurban,2410,0,Y
LP001266,Male,Yes,1,Graduate,Yes,2395,0,,360,1,Semiurban,2390,0,Y
LP001267,Female,Yes,2,Graduate,No,1378,1881,167,360,1,Urban,1168,905,N
LP001273,Male,Yes,0,Graduate,No,6000,2250,265,360,,Semiurban,2617,761,N
LP001275,Male,Yes,1,Graduate,No,3988,0,50,240,1,Urban,2678,0,Y
LP001279,Male,No,0,Graduate,No,2366,2531,136,360,1,Semiurban,2336,591,Y
LP001280,Male,Yes,2,Not Graduate,No,3333,2000,99,360,,Semiurban,954,1070,Y
LP001282,Male,Yes,0,Graduate,No,2500,2118,104,360,1,Semiurban,1650,350,Y
LP001289,Male,No,0,Graduate,No,8566,0,210,360,1,Urban,5047,0,Y
LP001310,Male,Yes,0,Graduate,No,5695,4167,175,360,1,Semiurban,2694,1687,Y
LP001316,Male,Yes,0,Graduate,No,2958,2900,131,360,1,Semiurban,692,1710,Y
LP001318,Male,Yes,2,Graduate,No,6250,5654,188,180,1,Semiurban,1620,5318,Y
LP001319,Male,Yes,2,Not Graduate,No,3273,1820,81,360,1,Urban,1614,1214,Y
LP001322,Male,No,0,Graduate,No,4133,0,122,360,1,Semiurban,1184,0,Y
LP001325,Male,No,0,Not Graduate,No,3620,0,25,120,1,Semiurban,666,0,Y
LP001326,Male,No,0,Graduate,,6782,0,,360,,Urban,1895,0,N
LP001327,Female,Yes,0,Graduate,No,2484,2302,137,360,1,Semiurban,1110,367,Y
LP001333,Male,Yes,0,Graduate,No,1977,997,50,360,1,Semiurban,1266,279,Y
LP001334,Male,Yes,0,Not Graduate,No,4188,0,115,180,1,Semiurban,3637,0,Y
LP001343,Male,Yes,0,Graduate,No,1759,3541,131,360,1,Semiurban,828,3429,Y
LP001345,Male,Yes,2,Not Graduate,No,4288,3263,133,180,1,Urban,2312,3185,Y
LP001349,Male,No,0,Graduate,No,4843,3806,151,360,1,Semiurban,1853,3103,Y
LP001350,Male,Yes,,Graduate,No,13650,0,,360,1,Urban,4255,0,Y
LP001356,Male,Yes,0,Graduate,No,4652,3583,,360,1,Semiurban,3237,1704,Y
LP001357,Male,,,Graduate,No,3816,754,160,360,1,Urban,674,540,Y
LP001367,Male,Yes,1,Graduate,No,3052,1030,100,360,1,Urban,2365,192,Y
LP001369,Male,Yes,2,Graduate,No,11417,1126,225,360,1,Urban,4872,249,Y
LP001370,Male,No,0,Not Graduate,,7333,0,120,360,1,Rural,4792,0,N
LP001379,Male,Yes,2,Graduate,No,3800,3600,216,360,0,Urban,803,3110,N
LP001384,Male,Yes,3+,Not Graduate,No,2071,754,94,480,1,Semiurban,2055,464,Y
LP001385,Male,No,0,Graduate,No,5316,0,136,360,1,Urban,1559,0,Y
LP001387,Female,Yes,0,Graduate,,2929,2333,139,360,1,Semiurban,982,1475,Y
LP001391,Male,Yes,0,Not Graduate,No,3572,4114,152,,0,Rural,3290,930,N
LP001392,Female,No,1,Graduate,Yes,7451,0,,360,1,Semiurban,5859,0,Y
LP001398,Male,No,0,Graduate,,5050,0,118,360,1,Semiurban,4633,0,Y
LP001401,Male,Yes,1,Graduate,No,14583,0,185,180,1,Rural,14304,0,Y
LP001404,Female,Yes,0,Graduate,No,3167,2283,154,360,1,Semiurban,1294,1281,Y
LP001405,Male,Yes,1,Graduate,No,2214,1398,85,360,,Urban,1763,411,Y
LP001421,Male,Yes,0,Graduate,No,5568,2142,175,360,1,Rural,4341,1206,N
LP001422,Female,No,0,Graduate,No,10408,0,259,360,1,Urban,8624,0,Y
LP001426,Male,Yes,,Graduate,No,5667,2667,180,360,1,Rural,3696,1812,Y
LP001430,Female,No,0,Graduate,No,4166,0,44,360,1,Semiurban,3066,0,Y
LP001431,Female,No,0,Graduate,No,2137,8980,137,360,0,Semiurban,717,5676,Y
LP001432,Male,Yes,2,Graduate,No,2957,0,81,360,1,Semiurban,1309,0,Y
LP001439,Male,Yes,0,Not Graduate,No,4300,2014,194,360,1,Rural,2394,789,Y
LP001443,Female,No,0,Graduate,No,3692,0,93,360,,Rural,1498,0,Y
LP001448,,Yes,3+,Graduate,No,23803,0,370,360,1,Rural,6420,0,Y
LP001449,Male,No,0,Graduate,No,3865,1640,,360,1,Rural,629,1060,Y
LP001451,Male,Yes,1,Graduate,Yes,10513,3850,160,180,0,Urban,2959,1302,N
LP001465,Male,Yes,0,Graduate,No,6080,2569,182,360,,Rural,4870,708,N
LP001469,Male,No,0,Graduate,Yes,20166,0,650,480,,Urban,9233,0,Y
LP001473,Male,No,0,Graduate,No,2014,1929,74,360,1,Urban,1272,1751,Y
LP001478,Male,No,0,Graduate,No,2718,0,70,360,1,Semiurban,1666,0,Y
LP001482,Male,Yes,0,Graduate,Yes,3459,0,25,120,1,Semiurban,2298,0,Y
LP001487,Male,No,0,Graduate,No,4895,0,102,360,1,Semiurban,4384,0,Y
LP001488,Male,Yes,3+,Graduate,No,4000,7750,290,360,1,Semiurban,1413,2238,N
LP001489,Female,Yes,0,Graduate,No,4583,0,84,360,1,Rural,1684,0,N
LP001491,Male,Yes,2,Graduate,Yes,3316,3500,88,360,1,Urban,700,526,Y
LP001492,Male,No,0,Graduate,No,14999,0,242,360,0,Semiurban,11535,0,N
LP001493,Male,Yes,2,Not Graduate,No,4200,1430,129,360,1,Rural,3908,625,N
LP001497,Male,Yes,2,Graduate,No,5042,2083,185,360,1,Rural,1584,1210,N
LP001498,Male,No,0,Graduate,No,5417,0,168,360,1,Urban,1777,0,Y
LP001504,Male,No,0,Graduate,Yes,6950,0,175,180,1,Semiurban,4656,0,Y
LP001507,Male,Yes,0,Graduate,No,2698,2034,122,360,1,Semiurban,2589,476,Y
LP001508,Male,Yes,2,Graduate,No,11757,0,187,180,1,Urban,4346,0,Y
LP001514,Female,Yes,0,Graduate,No,2330,4486,100,360,1,Semiurban,1802,1205,Y
LP001516,Female,Yes,2,Graduate,No,14866,0,70,360,1,Urban,12467,0,Y
LP001518,Male,Yes,1,Graduate,No,1538,1425,30,360,1,Urban,834,340,Y
LP001519,Female,No,0,Graduate,No,10000,1666,225,360,1,Rural,8120,978,N
LP001520,Male,Yes,0,Graduate,No,4860,830,125,360,1,Semiurban,1037,413,Y
LP001528,Male,No,0,Graduate,No,6277,0,118,360,0,Rural,3961,0,N
LP001529,Male,Yes,0,Graduate,Yes,2577,3750,152,360,1,Rural,448,680,Y
LP001531,Male,No,0,Graduate,No,9166,0,244,360,1,Urban,9008,0,N
LP001532,Male,Yes,2,Not Graduate,No,2281,0,113,360,1,Rural,679,0,N
LP001535,Male,No,0,Graduate,No,3254,0,50,360,1,Urban,2604,0,Y
LP001536,Male,Yes,3+,Graduate,No,39999,0,600,180,0,Semiurban,23395,0,Y
LP001541,Male,Yes,1,Graduate,No,6000,0,160,360,,Rural,5348,0,Y
LP001543,Male,Yes,1,Graduate,No,9538,0,187,360,1,Urban,3711,0,Y
LP001546,Male,No,0,Graduate,,2980,2083,120,360,1,Rural,1730,1636,Y
LP001552,Male,Yes,0,Graduate,No,4583,5625,255,360,1,Semiurban,740,2466,Y
LP001560,Male,Yes,0,Not Graduate,No,1863,1041,98,360,1,Semiurban,1445,531,Y
LP001562,Male,Yes,0,Graduate,No,7933,0,275,360,1,Urban,2856,0,N
LP001565,Male,Yes,1,Graduate,No,3089,1280,121,360,0,Semiurban,953,218,N
LP001570,Male,Yes,2,Graduate,No,4167,1447,158,360,1,Rural,3475,447,Y
LP001572,Male,Yes,0,Graduate,No,9323,0,75,180,1,Urban,2084,0,Y
LP001574,Male,Yes,0,Graduate,No,3707,3166,182,,1,Rural,1780,2391,Y
LP001577,Female,Yes,0,Graduate,No,4583,0,112,360,1,Rural,2717,0,N
LP001578,Male,Yes,0,Graduate,No,2439,3333,129,360,1,Rural,605,2790,Y
LP001579,Male,No,0,Graduate,No,2237,0,63,480,0,Semiurban,525,0,N
LP001580,Male,Yes,2,Graduate,No,8000,0,200,360,1,Semiurban,3788,0,Y
LP001581,Male,Yes,0,Not Graduate,,1820,1769,95,360,1,Rural,1587,622,Y
LP001585,,Yes,3+,Graduate,No,51763,0,700,300,1,Urban,35895,0,Y
LP001586,Male,Yes,3+,Not Graduate,No,3522,0,81,180,1,Rural,1655,0,N
LP001594,Male,Yes,0,Graduate,No,5708,5625,187,360,1,Semiurban,2457,908,Y
LP001603,Male,Yes,0,Not Graduate,Yes,4344,736,87,360,1,Semiurban,1963,502,N
LP001606,Male,Yes,0,Graduate,No,3497,1964,116,360,1,Rural,898,1137,Y
LP001608,Male,Yes,2,Graduate,No,2045,1619,101,360,1,Rural,517,1229,Y
LP001610,Male,Yes,3+,Graduate,No,5516,11300,495,360,0,Semiurban,5211,9703,N
LP001616,Male,Yes,1,Graduate,No,3750,0,116,360,1,Semiurban,2091,0,Y
LP001630,Male,No,0,Not Graduate,No,2333,1451,102,480,0,Urban,2159,1317,N
LP001633,Male,Yes,1,Graduate,No,6400,7250,180,360,0,Urban,2412,3123,N
LP001634,Male,No,0,Graduate,No,1916,5063,67,360,,Rural,1616,4502,N
LP001636,Male,Yes,0,Graduate,No,4600,0,73,180,1,Semiurban,1579,0,Y
LP001637,Male,Yes,1,Graduate,No,33846,0,260,360,1,Semiurban,16046,0,N
LP001639,Female,Yes,0,Graduate,No,3625,0,108,360,1,Semiurban,1104,0,Y
LP001640,Male,Yes,0,Graduate,Yes,39147,4750,120,360,1,Semiurban,24077,3647,Y
LP001641,Male,Yes,1,Graduate,Yes,2178,0,66,300,0,Rural,1838,0,N
LP001643,Male,Yes,0,Graduate,No,2383,2138,58,360,,Rural,524,450,Y
LP001644,,Yes,0,Graduate,Yes,674,5296,168,360,1,Rural,636,2388,Y
LP001647,Male,Yes,0,Graduate,No,9328,0,188,180,1,Rural,3221,0,Y
LP001653,Male,No,0,Not Graduate,No,4885,0,48,360,1,Rural,3084,0,Y
LP001656,Male,No,0,Graduate,No,12000,0,164,360,1,Semiurban,3711,0,N
LP001657,Male,Yes,0,Not Graduate,No,6033,0,160,360,1,Urban,2849,0,N
LP001658,Male,No,0,Graduate,No,3858,0,76,360,1,Semiurban,2944,0,Y
LP001664,Male,No,0,Graduate,No,4191,0,120,360,1,Rural,1727,0,Y
LP001665,Male,Yes,1,Graduate,No,3125,2583,170,360,1,Semiurban,2197,1342,N
LP001666,Male,No,0,Graduate,No,8333,3750,187,360,1,Rural,2639,1380,Y
LP001669,Female,No,0,Not Graduate,No,1907,2365,120,,1,Urban,649,1024,Y
LP001671,Female,Yes,0,Graduate,No,3416,2816,113,360,,Semiurban,1879,1339,Y
LP001673,Male,No,0,Graduate,Yes,11000,0,83,360,1,Urban,9774,0,N
LP001674,Male,Yes,1,Not Graduate,No,2600,2500,90,360,1,Semiurban,1261,794,Y
LP001677,Male,No,2,Graduate,No,4923,0,166,360,0,Semiurban,1402,0,Y
LP001682,Male,Yes,3+,Not Graduate,No,3992,0,,180,1,Urban,2828,0,N
LP001688,Male,Yes,1,Not Graduate,No,3500,1083,135,360,1,Urban,2259,283,Y
LP001691,Male,Yes,2,Not Graduate,No,3917,0,124,360,1,Semiurban,880,0,Y
LP001692,Female,No,0,Not Graduate,No,4408,0,120,360,1,Semiurban,1692,0,Y
LP001693,Female,No,0,Graduate,No,3244,0,80,360,1,Urban,2960,0,Y
LP001698,Male,No,0,Not Graduate,No,3975,2531,55,360,1,Rural,1242,2297,Y
LP001699,Male,No,0,Graduate,No,2479,0,59,360,1,Urban,2279,0,Y
LP001702,Male,No,0,Graduate,No,3418,0,127,360,1,Semiurban,2535,0,N
LP001708,Female,No,0,Graduate,No,10000,0,214,360,1,Semiurban,5467,0,N
LP001711,Male,Yes,3+,Graduate,No,3430,1250,128,360,0,Semiurban,3429,654,N
LP001713,Male,Yes,1,Graduate,Yes,7787,0,240,360,1,Urban,5112,0,Y
LP001715,Male,Yes,3+,Not Graduate,Yes,5703,0,130,360,1,Rural,2675,0,Y
LP001716,Male,Yes,0,Graduate,No,3173,3021,137,360,1,Urban,2204,593,Y
LP001720,Male,Yes,3+,Not Graduate,No,3850,983,100,360,1,Semiurban,2909,406,Y
LP001722,Male,Yes,0,Graduate,No,150,1800,135,360,1,Rural,87,473,N
LP001726,Male,Yes,0,Graduate,No,3727,1775,131,360,1,Semiurban,1729,499,Y
LP001732,Male,Yes,2,Graduate,,5000,0,72,360,0,Semiurban,783,0,N
LP001734,Female,Yes,2,Graduate,No,4283,2383,127,360,,Semiurban,1239,1482,Y
LP001736,Male,Yes,0,Graduate,No,2221,0,60,360,0,Urban,1716,0,N
LP001743,Male,Yes,2,Graduate,No,4009,1717,116,360,1,Semiurban,3059,978,Y
LP001744,Male,No,0,Graduate,No,2971,2791,144,360,1,Semiurban,1789,1949,Y
LP001749,Male,Yes,0,Graduate,No,7578,1010,175,,1,Semiurban,5259,304,Y
LP001750,Male,Yes,0,Graduate,No,6250,0,128,360,1,Semiurban,4491,0,Y
LP001751,Male,Yes,0,Graduate,No,3250,0,170,360,1,Rural,1889,0,N
LP001754,Male,Yes,,Not Graduate,Yes,4735,0,138,360,1,Urban,2105,0,N
LP001758,Male,Yes,2,Graduate,No,6250,1695,210,360,1,Semiurban,1435,1629,Y
LP001760,Male,,,Graduate,No,4758,0,158,480,1,Semiurban,745,0,Y
LP001761,Male,No,0,Graduate,Yes,6400,0,200,360,1,Rural,2042,0,Y
LP001765,Male,Yes,1,Graduate,No,2491,2054,104,360,1,Semiurban,1710,1240,Y
LP001768,Male,Yes,0,Graduate,,3716,0,42,180,1,Rural,3568,0,Y
LP001770,Male,No,0,Not Graduate,No,3189,2598,120,,1,Rural,2625,1888,Y
LP001776,Female,No,0,Graduate,No,8333,0,280,360,1,Semiurban,5900,0,Y
LP001778,Male,Yes,1,Graduate,No,3155,1779,140,360,1,Semiurban,3149,421,Y
LP001784,Male,Yes,1,Graduate,No,5500,1260,170,360,1,Rural,3763,547,Y
LP001786,Male,Yes,0,Graduate,,5746,0,255,360,,Urban,1211,0,N
LP001788,Female,No,0,Graduate,Yes,3463,0,122,360,,Urban,2882,0,Y
LP001790,Female,No,1,Graduate,No,3812,0,112,360,1,Rural,910,0,Y
LP001792,Male,Yes,1,Graduate,No,3315,0,96,360,1,Semiurban,1506,0,Y
LP001798,Male,Yes,2,Graduate,No,5819,5000,120,360,1,Rural,4060,1013,Y
LP001800,Male,Yes,1,Not Graduate,No,2510,1983,140,180,1,Urban,451,1926,N
LP001806,Male,No,0,Graduate,No,2965,5701,155,60,1,Urban,805,1828,Y
LP001807,Male,Yes,2,Graduate,Yes,6250,1300,108,360,1,Rural,4610,992,Y
LP001811,Male,Yes,0,Not Graduate,No,3406,4417,123,360,1,Semiurban,2292,3727,Y
LP001813,Male,No,0,Graduate,Yes,6050,4333,120,180,1,Urban,5920,791,N
LP001814,Male,Yes,2,Graduate,No,9703,0,112,360,1,Urban,6365,0,Y
LP001819,Male,Yes,1,Not Graduate,No,6608,0,137,180,1,Urban,2310,0,Y
LP001824,Male,Yes,1,Graduate,No,2882,1843,123,480,1,Semiurban,768,981,Y
LP001825,Male,Yes,0,Graduate,No,1809,1868,90,360,1,Urban,848,1456,Y
LP001835,Male,Yes,0,Not Graduate,No,1668,3890,201,360,0,Semiurban,934,2862,N
LP001836,Female,No,2,Graduate,No,3427,0,138,360,1,Urban,3075,0,N
LP001841,Male,No,0,Not Graduate,Yes,2583,2167,104,360,1,Rural,1330,841,Y
LP001843,Male,Yes,1,Not Graduate,No,2661,7101,279,180,1,Semiurban,1573,6891,Y
LP001844,Male,No,0,Graduate,Yes,16250,0,192,360,0,Urban,9373,0,N
LP001846,Female,No,3+,Graduate,No,3083,0,255,360,1,Rural,2672,0,Y
LP001849,Male,No,0,Not Graduate,No,6045,0,115,360,0,Rural,3541,0,N
LP001854,Male,Yes,3+,Graduate,No,5250,0,94,360,1,Urban,3985,0,N
LP001859,Male,Yes,0,Graduate,No,14683,2100,304,360,1,Rural,3429,491,N
LP001864,Male,Yes,3+,Not Graduate,No,4931,0,128,360,,Semiurban,4347,0,N
LP001865,Male,Yes,1,Graduate,No,6083,4250,330,360,,Urban,2652,3297,Y
LP001868,Male,No,0,Graduate,No,2060,2209,134,360,1,Semiurban,1372,1552,Y
LP001870,Female,No,1,Graduate,No,3481,0,155,36,1,Semiurban,2982,0,N
LP001871,Female,No,0,Graduate,No,7200,0,120,360,1,Rural,4285,0,Y
LP001872,Male,No,0,Graduate,Yes,5166,0,128,360,1,Semiurban,1894,0,Y
LP001875,Male,No,0,Graduate,No,4095,3447,151,360,1,Rural,2340,3363,Y
LP001877,Male,Yes,2,Graduate,No,4708,1387,150,360,1,Semiurban,2860,588,Y
LP001882,Male,Yes,3+,Graduate,No,4333,1811,160,360,0,Urban,1657,339,Y
LP001883,Female,No,0,Graduate,,3418,0,135,360,1,Rural,691,0,N
LP001884,Female,No,1,Graduate,No,2876,1560,90,360,1,Urban,2028,1174,Y
LP001888,Female,No,0,Graduate,No,3237,0,30,360,1,Urban,874,0,Y
LP001891,Male,Yes,0,Graduate,No,11146,0,136,360,1,Urban,7953,0,Y
LP001892,Male,No,0,Graduate,No,2833,1857,126,360,1,Rural,2699,728,Y
LP001894,Male,Yes,0,Graduate,No,2620,2223,150,360,1,Semiurban,2447,1013,Y
LP001896,Male,Yes,2,Graduate,No,3900,0,90,360,1,Semiurban,1739,0,Y
LP001900,Male,Yes,1,Graduate,No,2750,1842,115,360,1,Semiurban,915,482,Y
LP001903,Male,Yes,0,Graduate,No,3993,3274,207,360,1,Semiurban,3199,955,Y
LP001904,Male,Yes,0,Graduate,No,3103,1300,80,360,1,Urban,778,780,Y
LP001907,Male,Yes,0,Graduate,No,14583,0,436,360,1,Semiurban,6476,0,Y
LP001908,Female,Yes,0,Not Graduate,No,4100,0,124,360,,Rural,3936,0,Y
LP001910,Male,No,1,Not Graduate,Yes,4053,2426,158,360,0,Urban,3636,2245,N
LP001914,Male,Yes,0,Graduate,No,3927,800,112,360,1,Semiurban,1223,548,Y
LP001915,Male,Yes,2,Graduate,No,2301,985.7999878,78,180,1,Urban,1094,559,Y
LP001917,Female,No,0,Graduate,No,1811,1666,54,360,1,Urban,406,1383,Y
LP001922,Male,Yes,0,Graduate,No,20667,0,,360,1,Rural,13186,0,N
LP001924,Male,No,0,Graduate,No,3158,3053,89,360,1,Rural,3132,2866,Y
LP001925,Female,No,0,Graduate,Yes,2600,1717,99,300,1,Semiurban,1739,880,N
LP001926,Male,Yes,0,Graduate,No,3704,2000,120,360,1,Rural,1216,1623,Y
LP001931,Female,No,0,Graduate,No,4124,0,115,360,1,Semiurban,1831,0,Y
LP001935,Male,No,0,Graduate,No,9508,0,187,360,1,Rural,7492,0,Y
LP001936,Male,Yes,0,Graduate,No,3075,2416,139,360,1,Rural,1567,454,Y
LP001938,Male,Yes,2,Graduate,No,4400,0,127,360,0,Semiurban,3279,0,N
LP001940,Male,Yes,2,Graduate,No,3153,1560,134,360,1,Urban,1605,1453,Y
LP001945,Female,No,,Graduate,No,5417,0,143,480,0,Urban,4555,0,N
LP001947,Male,Yes,0,Graduate,No,2383,3334,172,360,1,Semiurban,997,3249,Y
LP001949,Male,Yes,3+,Graduate,,4416,1250,110,360,1,Urban,4248,681,Y
LP001953,Male,Yes,1,Graduate,No,6875,0,200,360,1,Semiurban,6733,0,Y
LP001954,Female,Yes,1,Graduate,No,4666,0,135,360,1,Urban,3812,0,Y
LP001955,Female,No,0,Graduate,No,5000,2541,151,480,1,Rural,1876,2157,N
LP001963,Male,Yes,1,Graduate,No,2014,2925,113,360,1,Urban,557,2292,N
LP001964,Male,Yes,0,Not Graduate,No,1800,2934,93,360,0,Urban,686,2581,N
LP001972,Male,Yes,,Not Graduate,No,2875,1750,105,360,1,Semiurban,1298,1212,Y
LP001974,Female,No,0,Graduate,No,5000,0,132,360,1,Rural,2574,0,Y
LP001977,Male,Yes,1,Graduate,No,1625,1803,96,360,1,Urban,265,486,Y
LP001978,Male,No,0,Graduate,No,4000,2500,140,360,1,Rural,1945,1448,Y
LP001990,Male,No,0,Not Graduate,No,2000,0,,360,1,Urban,1917,0,N
LP001993,Female,No,0,Graduate,No,3762,1666,135,360,1,Rural,3225,422,Y
LP001994,Female,No,0,Graduate,No,2400,1863,104,360,0,Urban,1502,645,N
LP001996,Male,No,0,Graduate,No,20233,0,480,360,1,Rural,8750,0,N
LP001998,Male,Yes,2,Not Graduate,No,7667,0,185,360,,Rural,2242,0,Y
LP002002,Female,No,0,Graduate,No,2917,0,84,360,1,Semiurban,878,0,Y
LP002004,Male,No,0,Not Graduate,No,2927,2405,111,360,1,Semiurban,1500,1560,Y
LP002006,Female,No,0,Graduate,No,2507,0,56,360,1,Rural,1589,0,Y
LP002008,Male,Yes,2,Graduate,Yes,5746,0,144,84,,Rural,2241,0,Y
LP002024,,Yes,0,Graduate,No,2473,1843,159,360,1,Rural,1552,705,N
LP002031,Male,Yes,1,Not Graduate,No,3399,1640,111,180,1,Urban,679,307,Y
LP002035,Male,Yes,2,Graduate,No,3717,0,120,360,1,Semiurban,2333,0,Y
LP002036,Male,Yes,0,Graduate,No,2058,2134,88,360,,Urban,1119,585,Y
LP002043,Female,No,1,Graduate,No,3541,0,112,360,,Semiurban,3077,0,Y
LP002050,Male,Yes,1,Graduate,Yes,10000,0,155,360,1,Rural,8319,0,N
LP002051,Male,Yes,0,Graduate,No,2400,2167,115,360,1,Semiurban,1048,1423,Y
LP002053,Male,Yes,3+,Graduate,No,4342,189,124,360,1,Semiurban,3303,134,Y
LP002054,Male,Yes,2,Not Graduate,No,3601,1590,,360,1,Rural,1954,520,Y
LP002055,Female,No,0,Graduate,No,3166,2985,132,360,,Rural,2424,1553,Y
LP002065,Male,Yes,3+,Graduate,No,15000,0,300,360,1,Rural,3101,0,Y
LP002067,Male,Yes,1,Graduate,Yes,8666,4983,376,360,0,Rural,7679,1432,N
LP002068,Male,No,0,Graduate,No,4917,0,130,360,0,Rural,3931,0,Y
LP002082,Male,Yes,0,Graduate,Yes,5818,2160,184,360,1,Semiurban,4621,1636,Y
LP002086,Female,Yes,0,Graduate,No,4333,2451,110,360,1,Urban,856,524,N
LP002087,Female,No,0,Graduate,No,2500,0,67,360,1,Urban,1846,0,Y
LP002097,Male,No,1,Graduate,No,4384,1793,117,360,1,Urban,682,607,Y
LP002098,Male,No,0,Graduate,No,2935,0,98,360,1,Semiurban,2288,0,Y
LP002100,Male,No,,Graduate,No,2833,0,71,360,1,Urban,1827,0,Y
LP002101,Male,Yes,0,Graduate,,63337,0,490,180,1,Urban,43648,0,Y
LP002103,,Yes,1,Graduate,Yes,9833,1833,182,180,1,Urban,2324,730,Y
LP002106,Male,Yes,,Graduate,Yes,5503,4490,70,,1,Semiurban,5330,3775,Y
LP002110,Male,Yes,1,Graduate,,5250,688,160,360,1,Rural,1005,311,Y
LP002112,Male,Yes,2,Graduate,Yes,2500,4600,176,360,1,Rural,2494,1609,Y
LP002113,Female,No,3+,Not Graduate,No,1830,0,,360,0,Urban,1246,0,N
LP002114,Female,No,0,Graduate,No,4160,0,71,360,1,Semiurban,1959,0,Y
LP002115,Male,Yes,3+,Not Graduate,No,2647,1587,173,360,1,Rural,1628,1469,N
LP002116,Female,No,0,Graduate,No,2378,0,46,360,1,Rural,583,0,N
LP002119,Male,Yes,1,Not Graduate,No,4554,1229,158,360,1,Urban,3841,964,Y
LP002126,Male,Yes,3+,Not Graduate,No,3173,0,74,360,1,Semiurban,2118,0,Y
LP002128,Male,Yes,2,Graduate,,2583,2330,125,360,1,Rural,1562,2209,Y
LP002129,Male,Yes,0,Graduate,No,2499,2458,160,360,1,Semiurban,600,507,Y
LP002130,Male,Yes,,Not Graduate,No,3523,3230,152,360,0,Rural,990,1109,N
LP002131,Male,Yes,2,Not Graduate,No,3083,2168,126,360,1,Urban,1056,1123,Y
LP002137,Male,Yes,0,Graduate,No,6333,4583,259,360,,Semiurban,3700,4038,Y
LP002138,Male,Yes,0,Graduate,No,2625,6250,187,360,1,Rural,609,4477,Y
LP002139,Male,Yes,0,Graduate,No,9083,0,228,360,1,Semiurban,1744,0,Y
LP002140,Male,No,0,Graduate,No,8750,4167,308,360,1,Rural,5718,1889,N
LP002141,Male,Yes,3+,Graduate,No,2666,2083,95,360,1,Rural,925,1201,Y
LP002142,Female,Yes,0,Graduate,Yes,5500,0,105,360,0,Rural,4093,0,N
LP002143,Female,Yes,0,Graduate,No,2423,505,130,360,1,Semiurban,1412,273,Y
LP002144,Female,No,,Graduate,No,3813,0,116,180,1,Urban,2285,0,Y
LP002149,Male,Yes,2,Graduate,No,8333,3167,165,360,1,Rural,5071,1258,Y
LP002151,Male,Yes,1,Graduate,No,3875,0,67,360,1,Urban,1131,0,N
LP002158,Male,Yes,0,Not Graduate,No,3000,1666,100,480,0,Urban,2302,728,N
LP002160,Male,Yes,3+,Graduate,No,5167,3167,200,360,1,Semiurban,1552,2250,Y
LP002161,Female,No,1,Graduate,No,4723,0,81,360,1,Semiurban,2669,0,N
LP002170,Male,Yes,2,Graduate,No,5000,3667,236,360,1,Semiurban,2874,3536,Y
LP002175,Male,Yes,0,Graduate,No,4750,2333,130,360,1,Urban,4445,780,Y
LP002178,Male,Yes,0,Graduate,No,3013,3033,95,300,,Urban,1154,1341,Y
LP002180,Male,No,0,Graduate,Yes,6822,0,141,360,1,Rural,6100,0,Y
LP002181,Male,No,0,Not Graduate,No,6216,0,133,360,1,Rural,3324,0,N
LP002187,Male,No,0,Graduate,No,2500,0,96,480,1,Semiurban,1231,0,N
LP002188,Male,No,0,Graduate,No,5124,0,124,,0,Rural,4537,0,N
LP002190,Male,Yes,1,Graduate,No,6325,0,175,360,1,Semiurban,1162,0,Y
LP002191,Male,Yes,0,Graduate,No,19730,5266,570,360,1,Rural,10896,5027,N
LP002194,Female,No,0,Graduate,Yes,15759,0,55,360,1,Semiurban,5895,0,Y
LP002197,Male,Yes,2,Graduate,No,5185,0,155,360,1,Semiurban,3659,0,Y
LP002201,Male,Yes,2,Graduate,Yes,9323,7873,380,300,1,Rural,5236,1992,Y
LP002205,Male,No,1,Graduate,No,3062,1987,111,180,0,Urban,1501,624,N
LP002209,Female,No,0,Graduate,,2764,1459,110,360,1,Urban,1155,342,Y
LP002211,Male,Yes,0,Graduate,No,4817,923,120,180,1,Urban,1435,863,Y
LP002219,Male,Yes,3+,Graduate,No,8750,4996,130,360,1,Rural,7146,2218,Y
LP002223,Male,Yes,0,Graduate,No,4310,0,130,360,,Semiurban,4145,0,Y
LP002224,Male,No,0,Graduate,No,3069,0,71,480,1,Urban,1254,0,N
LP002225,Male,Yes,2,Graduate,No,5391,0,130,360,1,Urban,2597,0,Y
LP002226,Male,Yes,0,Graduate,,3333,2500,128,360,1,Semiurban,1859,1739,Y
LP002229,Male,No,0,Graduate,No,5941,4232,296,360,1,Semiurban,4392,3442,Y
LP002231,Female,No,0,Graduate,No,6000,0,156,360,1,Urban,1060,0,Y
LP002234,Male,No,0,Graduate,Yes,7167,0,128,360,1,Urban,1378,0,Y
LP002236,Male,Yes,2,Graduate,No,4566,0,100,360,1,Urban,2339,0,N
LP002237,Male,No,1,Graduate,,3667,0,113,180,1,Urban,3439,0,Y
LP002239,Male,No,0,Not Graduate,No,2346,1600,132,360,1,Semiurban,1032,1196,Y
LP002243,Male,Yes,0,Not Graduate,No,3010,3136,,360,0,Urban,2142,1320,N
LP002244,Male,Yes,0,Graduate,No,2333,2417,136,360,1,Urban,495,696,Y
LP002250,Male,Yes,0,Graduate,No,5488,0,125,360,1,Rural,2218,0,Y
LP002255,Male,No,3+,Graduate,No,9167,0,185,360,1,Rural,7711,0,Y
LP002262,Male,Yes,3+,Graduate,No,9504,0,275,360,1,Rural,4787,0,Y
LP002263,Male,Yes,0,Graduate,No,2583,2115,120,360,,Urban,714,1370,Y
LP002265,Male,Yes,2,Not Graduate,No,1993,1625,113,180,1,Semiurban,555,1314,Y
LP002266,Male,Yes,2,Graduate,No,3100,1400,113,360,1,Urban,800,913,Y
LP002272,Male,Yes,2,Graduate,No,3276,484,135,360,,Semiurban,560,195,Y
LP002277,Female,No,0,Graduate,No,3180,0,71,360,0,Urban,2369,0,N
LP002281,Male,Yes,0,Graduate,No,3033,1459,95,360,1,Urban,2424,801,Y
LP002284,Male,No,0,Not Graduate,No,3902,1666,109,360,1,Rural,3363,728,Y
LP002287,Female,No,0,Graduate,No,1500,1800,103,360,0,Semiurban,288,490,N
LP002288,Male,Yes,2,Not Graduate,No,2889,0,45,180,0,Urban,2594,0,N
LP002296,Male,No,0,Not Graduate,No,2755,0,65,300,1,Rural,2618,0,N
LP002297,Male,No,0,Graduate,No,2500,20000,103,360,1,Semiurban,1186,14072,Y
LP002300,Female,No,0,Not Graduate,No,1963,0,53,360,1,Semiurban,1332,0,Y
LP002301,Female,No,0,Graduate,Yes,7441,0,194,360,1,Rural,2445,0,N
LP002305,Female,No,0,Graduate,No,4547,0,115,360,1,Semiurban,4495,0,Y
LP002308,Male,Yes,0,Not Graduate,No,2167,2400,115,360,1,Urban,2074,614,Y
LP002314,Female,No,0,Not Graduate,No,2213,0,66,360,1,Rural,2070,0,Y
LP002315,Male,Yes,1,Graduate,No,8300,0,152,300,0,Semiurban,1396,0,N
LP002317,Male,Yes,3+,Graduate,No,81000,0,360,360,0,Rural,79960,0,N
LP002318,Female,No,1,Not Graduate,Yes,3867,0,62,360,1,Semiurban,2394,0,N
LP002319,Male,Yes,0,Graduate,,6256,0,160,360,,Urban,2251,0,Y
LP002328,Male,Yes,0,Not Graduate,No,6096,0,218,360,0,Rural,3370,0,N
LP002332,Male,Yes,0,Not Graduate,No,2253,2033,110,360,1,Rural,1846,659,Y
LP002335,Female,Yes,0,Not Graduate,No,2149,3237,178,360,0,Semiurban,925,3223,N
LP002337,Female,No,0,Graduate,No,2995,0,60,360,1,Urban,2878,0,Y
LP002341,Female,No,1,Graduate,No,2600,0,160,360,1,Urban,1381,0,N
LP002342,Male,Yes,2,Graduate,Yes,1600,20000,239,360,1,Urban,1047,17407,N
LP002345,Male,Yes,0,Graduate,No,1025,2773,112,360,1,Rural,301,446,Y
LP002347,Male,Yes,0,Graduate,No,3246,1417,138,360,1,Semiurban,2511,432,Y
LP002348,Male,Yes,0,Graduate,No,5829,0,138,360,1,Rural,5351,0,Y
LP002357,Female,No,0,Not Graduate,No,2720,0,80,,0,Urban,1662,0,N
LP002361,Male,Yes,0,Graduate,No,1820,1719,100,360,1,Urban,1636,1485,Y
LP002362,Male,Yes,1,Graduate,No,7250,1667,110,,0,Urban,6300,493,N
LP002364,Male,Yes,0,Graduate,No,14880,0,96,360,1,Semiurban,14748,0,Y
LP002366,Male,Yes,0,Graduate,No,2666,4300,121,360,1,Rural,1551,1019,Y
LP002367,Female,No,1,Not Graduate,No,4606,0,81,360,1,Rural,1860,0,N
LP002368,Male,Yes,2,Graduate,No,5935,0,133,360,1,Semiurban,1219,0,Y
LP002369,Male,Yes,0,Graduate,No,2920,16.12000084,87,360,1,Rural,986,16,Y
LP002370,Male,No,0,Not Graduate,No,2717,0,60,180,1,Urban,1420,0,Y
LP002377,Female,No,1,Graduate,Yes,8624,0,150,360,1,Semiurban,6238,0,Y
LP002379,Male,No,0,Graduate,No,6500,0,105,360,0,Rural,2584,0,N
LP002386,Male,No,0,Graduate,,12876,0,405,360,1,Semiurban,8502,0,Y
LP002387,Male,Yes,0,Graduate,No,2425,2340,143,360,1,Semiurban,2202,1327,Y
LP002390,Male,No,0,Graduate,No,3750,0,100,360,1,Urban,904,0,Y
LP002393,Female,,,Graduate,No,10047,0,,240,1,Semiurban,2183,0,Y
LP002398,Male,No,0,Graduate,No,1926,1851,50,360,1,Semiurban,1416,1030,Y
LP002401,Male,Yes,0,Graduate,No,2213,1125,,360,1,Urban,1046,536,Y
LP002403,Male,No,0,Graduate,Yes,10416,0,187,360,0,Urban,5126,0,N
LP002407,Female,Yes,0,Not Graduate,Yes,7142,0,138,360,1,Rural,3719,0,Y
LP002408,Male,No,0,Graduate,No,3660,5064,187,360,1,Semiurban,3458,2211,Y
LP002409,Male,Yes,0,Graduate,No,7901,1833,180,360,1,Rural,6362,703,Y
LP002418,Male,No,3+,Not Graduate,No,4707,1993,148,360,1,Semiurban,1762,860,Y
LP002422,Male,No,1,Graduate,No,37719,0,152,360,1,Semiurban,17959,0,Y
LP002424,Male,Yes,0,Graduate,No,7333,8333,175,300,,Rural,2811,5606,Y
LP002429,Male,Yes,1,Graduate,Yes,3466,1210,130,360,1,Rural,1433,680,Y
LP002434,Male,Yes,2,Not Graduate,No,4652,0,110,360,1,Rural,1441,0,Y
LP002435,Male,Yes,0,Graduate,,3539,1376,55,360,1,Rural,2738,1245,N
LP002443,Male,Yes,2,Graduate,No,3340,1710,150,360,0,Rural,1465,1049,N
LP002444,Male,No,1,Not Graduate,Yes,2769,1542,190,360,,Semiurban,2169,323,N
LP002446,Male,Yes,2,Not Graduate,No,2309,1255,125,360,0,Rural,739,923,N
LP002447,Male,Yes,2,Not Graduate,No,1958,1456,60,300,,Urban,499,889,Y
LP002448,Male,Yes,0,Graduate,No,3948,1733,149,360,0,Rural,1979,693,N
LP002449,Male,Yes,0,Graduate,No,2483,2466,90,180,0,Rural,737,1554,Y
LP002453,Male,No,0,Graduate,Yes,7085,0,84,360,1,Semiurban,1444,0,Y
LP002455,Male,Yes,2,Graduate,No,3859,0,96,360,1,Semiurban,2614,0,Y
LP002459,Male,Yes,0,Graduate,No,4301,0,118,360,1,Urban,2459,0,Y
LP002467,Male,Yes,0,Graduate,No,3708,2569,173,360,1,Urban,2163,1076,N
LP002472,Male,No,2,Graduate,No,4354,0,136,360,1,Rural,3343,0,Y
LP002473,Male,Yes,0,Graduate,No,8334,0,160,360,1,Semiurban,3115,0,N
LP002478,,Yes,0,Graduate,Yes,2083,4083,160,360,,Semiurban,345,1250,Y
LP002484,Male,Yes,3+,Graduate,No,7740,0,128,180,1,Urban,6100,0,Y
LP002487,Male,Yes,0,Graduate,No,3015,2188,153,360,1,Rural,1623,1645,Y
LP002489,Female,No,1,Not Graduate,,5191,0,132,360,1,Semiurban,4442,0,Y
LP002493,Male,No,0,Graduate,No,4166,0,98,360,0,Semiurban,3545,0,N
LP002494,Male,No,0,Graduate,No,6000,0,140,360,1,Rural,5852,0,Y
LP002500,Male,Yes,3+,Not Graduate,No,2947,1664,70,180,0,Urban,2439,1230,N
LP002501,,Yes,0,Graduate,No,16692,0,110,360,1,Semiurban,4991,0,Y
LP002502,Female,Yes,2,Not Graduate,,210,2917,98,360,1,Semiurban,160,2522,Y
LP002505,Male,Yes,0,Graduate,No,4333,2451,110,360,1,Urban,3550,1634,N
LP002515,Male,Yes,1,Graduate,Yes,3450,2079,162,360,1,Semiurban,1425,602,Y
LP002517,Male,Yes,1,Not Graduate,No,2653,1500,113,180,0,Rural,1713,730,N
LP002519,Male,Yes,3+,Graduate,No,4691,0,100,360,1,Semiurban,3400,0,Y
LP002522,Female,No,0,Graduate,Yes,2500,0,93,360,,Urban,1166,0,Y
LP002524,Male,No,2,Graduate,No,5532,4648,162,360,1,Rural,955,2674,Y
LP002527,Male,Yes,2,Graduate,Yes,16525,1014,150,360,1,Rural,11048,962,Y
LP002529,Male,Yes,2,Graduate,No,6700,1750,230,300,1,Semiurban,5813,584,Y
LP002530,,Yes,2,Graduate,No,2873,1872,132,360,0,Semiurban,1248,335,N
LP002531,Male,Yes,1,Graduate,Yes,16667,2250,86,360,1,Semiurban,11975,2040,Y
LP002533,Male,Yes,2,Graduate,No,2947,1603,,360,1,Urban,1241,784,N
LP002534,Female,No,0,Not Graduate,No,4350,0,154,360,1,Rural,3571,0,Y
LP002536,Male,Yes,3+,Not Graduate,No,3095,0,113,360,1,Rural,2465,0,Y
LP002537,Male,Yes,0,Graduate,No,2083,3150,128,360,1,Semiurban,896,2715,Y
LP002541,Male,Yes,0,Graduate,No,10833,0,234,360,1,Semiurban,4631,0,Y
LP002543,Male,Yes,2,Graduate,No,8333,0,246,360,1,Semiurban,3890,0,Y
LP002544,Male,Yes,1,Not Graduate,No,1958,2436,131,360,1,Rural,1074,1564,Y
LP002545,Male,No,2,Graduate,No,3547,0,80,360,0,Rural,710,0,N
LP002547,Male,Yes,1,Graduate,No,18333,0,500,360,1,Urban,14294,0,N
LP002555,Male,Yes,2,Graduate,Yes,4583,2083,160,360,1,Semiurban,1771,962,Y
LP002556,Male,No,0,Graduate,No,2435,0,75,360,1,Urban,2184,0,N
LP002560,Male,No,0,Not Graduate,No,2699,2785,96,360,,Semiurban,1467,2253,Y
LP002562,Male,Yes,1,Not Graduate,No,5333,1131,186,360,,Urban,1178,708,Y
LP002571,Male,No,0,Not Graduate,No,3691,0,110,360,1,Rural,1863,0,Y
LP002582,Female,No,0,Not Graduate,Yes,17263,0,225,360,1,Semiurban,17069,0,Y
LP002585,Male,Yes,0,Graduate,No,3597,2157,119,360,0,Rural,2635,508,N
LP002586,Female,Yes,1,Graduate,No,3326,913,105,84,1,Semiurban,1091,750,Y
LP002587,Male,Yes,0,Not Graduate,No,2600,1700,107,360,1,Rural,967,424,Y
LP002588,Male,Yes,0,Graduate,No,4625,2857,111,12,,Urban,1230,2174,Y
LP002600,Male,Yes,1,Graduate,Yes,2895,0,95,360,1,Semiurban,579,0,Y
LP002602,Male,No,0,Graduate,No,6283,4416,209,360,0,Rural,2452,1742,N
LP002603,Female,No,0,Graduate,No,645,3683,113,480,1,Rural,196,1833,Y
LP002606,Female,No,0,Graduate,No,3159,0,100,360,1,Semiurban,489,0,Y
LP002615,Male,Yes,2,Graduate,No,4865,5624,208,360,1,Semiurban,4516,5217,Y
LP002618,Male,Yes,1,Not Graduate,No,4050,5302,138,360,,Rural,2569,2215,N
LP002619,Male,Yes,0,Not Graduate,No,3814,1483,124,300,1,Semiurban,871,352,Y
LP002622,Male,Yes,2,Graduate,No,3510,4416,243,360,1,Rural,3059,905,Y
LP002624,Male,Yes,0,Graduate,No,20833,6667,480,360,,Urban,15543,4944,Y
LP002625,,No,0,Graduate,No,3583,0,96,360,1,Urban,1856,0,N
LP002626,Male,Yes,0,Graduate,Yes,2479,3013,188,360,1,Urban,1969,2607,Y
LP002634,Female,No,1,Graduate,No,13262,0,40,360,1,Urban,9432,0,Y
LP002637,Male,No,0,Not Graduate,No,3598,1287,100,360,1,Rural,570,647,N
LP002640,Male,Yes,1,Graduate,No,6065,2004,250,360,1,Semiurban,1115,666,Y
LP002643,Male,Yes,2,Graduate,No,3283,2035,148,360,1,Urban,1877,1476,Y
LP002648,Male,Yes,0,Graduate,No,2130,6666,70,180,1,Semiurban,1221,2552,N
LP002652,Male,No,0,Graduate,No,5815,3666,311,360,1,Rural,5687,833,N
LP002659,Male,Yes,3+,Graduate,No,3466,3428,150,360,1,Rural,2131,2651,Y
LP002670,Female,Yes,2,Graduate,No,2031,1632,113,480,1,Semiurban,988,1489,Y
LP002682,Male,Yes,,Not Graduate,No,3074,1800,123,360,0,Semiurban,2143,1699,N
LP002683,Male,No,0,Graduate,No,4683,1915,185,360,1,Semiurban,1685,1121,N
LP002684,Female,No,0,Not Graduate,No,3400,0,95,360,1,Rural,2974,0,N
LP002689,Male,Yes,2,Not Graduate,No,2192,1742,45,360,1,Semiurban,1277,1083,Y
LP002690,Male,No,0,Graduate,No,2500,0,55,360,1,Semiurban,1075,0,Y
LP002692,Male,Yes,3+,Graduate,Yes,5677,1424,100,360,1,Rural,1228,731,Y
LP002693,Male,Yes,2,Graduate,Yes,7948,7166,480,360,1,Rural,7860,6988,Y
LP002697,Male,No,0,Graduate,No,4680,2087,,360,1,Semiurban,4244,959,N
LP002699,Male,Yes,2,Graduate,Yes,17500,0,400,360,1,Rural,7435,0,Y
LP002705,Male,Yes,0,Graduate,No,3775,0,110,360,1,Semiurban,2355,0,Y
LP002706,Male,Yes,1,Not Graduate,No,5285,1430,161,360,0,Semiurban,4381,762,Y
LP002714,Male,No,1,Not Graduate,No,2679,1302,94,360,1,Semiurban,1884,377,Y
LP002716,Male,No,0,Not Graduate,No,6783,0,130,360,1,Semiurban,1820,0,Y
LP002717,Male,Yes,0,Graduate,No,1025,5500,216,360,,Rural,573,5246,Y
LP002720,Male,Yes,3+,Graduate,No,4281,0,100,360,1,Urban,2883,0,Y
LP002723,Male,No,2,Graduate,No,3588,0,110,360,0,Rural,3230,0,N
LP002729,Male,No,1,Graduate,No,11250,0,196,360,,Semiurban,3375,0,N
LP002731,Female,No,0,Not Graduate,Yes,18165,0,125,360,1,Urban,4747,0,Y
LP002732,Male,No,0,Not Graduate,,2550,2042,126,360,1,Rural,2425,1048,Y
LP002734,Male,Yes,0,Graduate,No,6133,3906,324,360,1,Urban,4510,1713,Y
LP002738,Male,No,2,Graduate,No,3617,0,107,360,1,Semiurban,3260,0,Y
LP002739,Male,Yes,0,Not Graduate,No,2917,536,66,360,1,Rural,1676,532,N
LP002740,Male,Yes,3+,Graduate,No,6417,0,157,180,1,Rural,2703,0,Y
LP002741,Female,Yes,1,Graduate,No,4608,2845,140,180,1,Semiurban,3151,589,Y
LP002743,Female,No,0,Graduate,No,2138,0,99,360,0,Semiurban,1106,0,N
LP002753,Female,No,1,Graduate,,3652,0,95,360,1,Semiurban,2611,0,Y
LP002755,Male,Yes,1,Not Graduate,No,2239,2524,128,360,1,Urban,389,2117,Y
LP002757,Female,Yes,0,Not Graduate,No,3017,663,102,360,,Semiurban,1593,222,Y
LP002767,Male,Yes,0,Graduate,No,2768,1950,155,360,1,Rural,2490,487,Y
LP002768,Male,No,0,Not Graduate,No,3358,0,80,36,1,Semiurban,975,0,N
LP002772,Male,No,0,Graduate,No,2526,1783,145,360,1,Rural,1792,1607,Y
LP002776,Female,No,0,Graduate,No,5000,0,103,360,0,Semiurban,4925,0,N
LP002777,Male,Yes,0,Graduate,No,2785,2016,110,360,1,Rural,1432,1343,Y
LP002778,Male,Yes,2,Graduate,Yes,6633,0,,360,0,Rural,4654,0,N
LP002784,Male,Yes,1,Not Graduate,No,2492,2375,,360,1,Rural,1264,1103,Y
LP002785,Male,Yes,1,Graduate,No,3333,3250,158,360,1,Urban,1302,2537,Y
LP002788,Male,Yes,0,Not Graduate,No,2454,2333,181,360,0,Urban,1584,1813,N
LP002789,Male,Yes,0,Graduate,No,3593,4266,132,180,0,Rural,2329,3898,N
LP002792,Male,Yes,1,Graduate,No,5468,1032,26,360,1,Semiurban,3179,896,Y
LP002794,Female,No,0,Graduate,No,2667,1625,84,360,,Urban,424,727,Y
LP002795,Male,Yes,3+,Graduate,Yes,10139,0,260,360,1,Semiurban,5801,0,Y
LP002798,Male,Yes,0,Graduate,No,3887,2669,162,360,1,Semiurban,613,668,Y
LP002804,Female,Yes,0,Graduate,No,4180,2306,182,360,1,Semiurban,2291,784,Y
LP002807,Male,Yes,2,Not Graduate,No,3675,242,108,360,1,Semiurban,793,194,Y
LP002813,Female,Yes,1,Graduate,Yes,19484,0,600,360,1,Semiurban,11504,0,Y
LP002820,Male,Yes,0,Graduate,No,5923,2054,211,360,1,Rural,3162,618,Y
LP002821,Male,No,0,Not Graduate,Yes,5800,0,132,360,1,Semiurban,4550,0,Y
LP002832,Male,Yes,2,Graduate,No,8799,0,258,360,0,Urban,2648,0,N
LP002833,Male,Yes,0,Not Graduate,No,4467,0,120,360,,Rural,3061,0,Y
LP002836,Male,No,0,Graduate,No,3333,0,70,360,1,Urban,1661,0,Y
LP002837,Male,Yes,3+,Graduate,No,3400,2500,123,360,0,Rural,1146,441,N
LP002840,Female,No,0,Graduate,No,2378,0,9,360,1,Urban,997,0,N
LP002841,Male,Yes,0,Graduate,No,3166,2064,104,360,0,Urban,2830,1596,N
LP002842,Male,Yes,1,Graduate,No,3417,1750,186,360,1,Urban,2221,1331,Y
LP002847,Male,Yes,,Graduate,No,5116,1451,165,360,0,Urban,3340,617,N
LP002855,Male,Yes,2,Graduate,No,16666,0,275,360,1,Urban,13097,0,Y
LP002862,Male,Yes,2,Not Graduate,No,6125,1625,187,480,1,Semiurban,2982,1403,N
LP002863,Male,Yes,3+,Graduate,No,6406,0,150,360,1,Semiurban,4305,0,N
LP002868,Male,Yes,2,Graduate,No,3159,461,108,84,1,Urban,488,275,Y
LP002872,,Yes,0,Graduate,No,3087,2210,136,360,0,Semiurban,2871,1666,N
LP002874,Male,No,0,Graduate,No,3229,2739,110,360,1,Urban,2797,862,Y
LP002877,Male,Yes,1,Graduate,No,1782,2232,107,360,1,Rural,1251,1074,Y
LP002888,Male,No,0,Graduate,,3182,2917,161,360,1,Urban,2478,2633,Y
LP002892,Male,Yes,2,Graduate,No,6540,0,205,360,1,Semiurban,5097,0,Y
LP002893,Male,No,0,Graduate,No,1836,33837,90,360,1,Urban,1039,23702,N
LP002894,Female,Yes,0,Graduate,No,3166,0,36,360,1,Semiurban,1550,0,Y
LP002898,Male,Yes,1,Graduate,No,1880,0,61,360,,Rural,610,0,N
LP002911,Male,Yes,1,Graduate,No,2787,1917,146,360,0,Rural,842,567,N
LP002912,Male,Yes,1,Graduate,No,4283,3000,172,84,1,Rural,1128,2258,N
LP002916,Male,Yes,0,Graduate,No,2297,1522,104,360,1,Urban,2271,284,Y
LP002917,Female,No,0,Not Graduate,No,2165,0,70,360,1,Semiurban,981,0,Y
LP002925,,No,0,Graduate,No,4750,0,94,360,1,Semiurban,3741,0,Y
LP002926,Male,Yes,2,Graduate,Yes,2726,0,106,360,0,Semiurban,1512,0,N
LP002928,Male,Yes,0,Graduate,No,3000,3416,56,180,1,Semiurban,879,2138,Y
LP002931,Male,Yes,2,Graduate,Yes,6000,0,205,240,1,Semiurban,5100,0,N
LP002933,,No,3+,Graduate,Yes,9357,0,292,360,1,Semiurban,6996,0,Y
LP002936,Male,Yes,0,Graduate,No,3859,3300,142,180,1,Rural,2642,1937,Y
LP002938,Male,Yes,0,Graduate,Yes,16120,0,260,360,1,Urban,15712,0,Y
LP002940,Male,No,0,Not Graduate,No,3833,0,110,360,1,Rural,3302,0,Y
LP002941,Male,Yes,2,Not Graduate,Yes,6383,1000,187,360,1,Rural,5004,750,N
LP002943,Male,No,,Graduate,No,2987,0,88,360,0,Semiurban,923,0,N
LP002945,Male,Yes,0,Graduate,Yes,9963,0,180,360,1,Rural,5050,0,Y
LP002948,Male,Yes,2,Graduate,No,5780,0,192,360,1,Urban,1926,0,Y
LP002949,Female,No,3+,Graduate,,416,41667,350,180,,Urban,168,18433,N
LP002950,Male,Yes,0,Not Graduate,,2894,2792,155,360,1,Rural,955,1691,Y
LP002953,Male,Yes,3+,Graduate,No,5703,0,128,360,1,Urban,5280,0,Y
LP002958,Male,No,0,Graduate,No,3676,4301,172,360,1,Rural,2445,2444,Y
LP002959,Female,Yes,1,Graduate,No,12000,0,496,360,1,Semiurban,6663,0,Y
LP002960,Male,Yes,0,Not Graduate,No,2400,3800,,180,1,Urban,2135,1708,N
LP002961,Male,Yes,1,Graduate,No,3400,2500,173,360,1,Semiurban,1432,1693,Y
LP002964,Male,Yes,2,Not Graduate,No,3987,1411,157,360,1,Rural,1011,730,Y
LP002974,Male,Yes,0,Graduate,No,3232,1950,108,360,1,Rural,1153,1706,Y
LP002978,Female,No,0,Graduate,No,2900,0,71,360,1,Rural,968,0,Y
LP002979,Male,Yes,3+,Graduate,No,4106,0,40,180,1,Rural,1224,0,Y
LP002983,Male,Yes,1,Graduate,No,8072,240,253,360,1,Urban,5868,205,Y
LP002984,Male,Yes,2,Graduate,No,7583,0,187,360,1,Urban,5762,0,Y
LP002990,Female,No,0,Graduate,Yes,4583,0,133,360,0,Semiurban,2486,0,N
